{
  "project_info": {
    "project_number": "727968713368",
    "firebase_url": "https://datamob-a78c9-default-rtdb.firebaseio.com",
    "project_id": "datamob-a78c9",
    "storage_bucket": "datamob-a78c9.appspot.com"
  },
  "client": [
    {
      "client_info": {
        "mobilesdk_app_id": "1:727968713368:android:004ba9a4a21f7a23b89eed",
        "android_client_info": {
          "package_name": "com.example.datamob"
        }
      },
      "oauth_client": [
        {
          "client_id": "727968713368-jsdjo4c7d4prclsbnsi8nvst4qb067o5.apps.googleusercontent.com",
          "client_type": 3
        }
      ],
      "api_key": [
        {
          "current_key": "AIzaSyANpJyx_xvcXdXYEA96BF8y_0NFmX7qImA"
        }
      ],
      "services": {
        "appinvite_service": {
          "other_platform_oauth_client": [
            {
              "client_id": "727968713368-jsdjo4c7d4prclsbnsi8nvst4qb067o5.apps.googleusercontent.com",
              "client_type": 3
            },
            {
              "client_id": "727968713368-c5lhu0mfd5likhgqh7j0a3sfvc8makqo.apps.googleusercontent.com",
              "client_type": 2,
              "ios_info": {
                "bundle_id": "com.example.datamob"
              }
            }
          ]
        }
      }
    }
  ],
  "configuration_version": "1"
}